first_name,age,location,gender,phone_number,email,username,password
Baxter,23,Yarraville,Male,434787656.0,baxcallan@gmail.com,baxcallan,123
Tom,21,Altona North,Male,404627816.0,thomasrobertgee@gmail.com,tom.gee,tommy
Cameron,22,Melbourne,Male,436787453.0,cameron@coderfactory.com,cameron.cool,345
Sharon,30,Melbourne,Female,123545643,sharon.codes@gmail.com,cloudilicious,123
Bruce,51,Altona North,Male,438763897.0,brucegee@gmail.com,bruceybear,bruce
tanu,26,melbourne,Female,27934280,tanu@gmail.com,tanuuu@gmail.com,123456
Jeff,34,Sydney,Male,456728736.0,jeff@hotmail.com,jeffro,jeff
Patrick,27,Melbourne,Male,8953789347589,pat@pat.com,pat99,pat
